Series Name,Country Name,1996,1997,1998,1999,2000,2001,2002,2003,2004,2005,2006,2007,2008,2009,2010,2011,2012,2013,2014,2015
"Electricity production from renewable sources, excluding hydroelectric (% of total)",United States,1.97036955076133,1.90492399692829,1.82583590397066,1.89473048333376,1.91659722023853,1.88010360445667,2.01428124733788,2.01802918082428,2.09419779753525,2.19635703638911,2.41730372155768,2.59477811196566,3.09253093498013,3.67566581320619,4.0972927613063,4.78961132612296,5.48624125590861,6.32000921832263,6.90002861670197,7.38695495139919
"Electricity production from renewable sources, excluding hydroelectric (% of total)",Canada,1.03084326330139,1.21112273361227,1.31398791772085,1.46076052129304,1.40093395597065,1.51683678659839,1.57329687037351,1.67706456876694,1.62769956573562,1.70452714157712,1.80268635613856,1.82068083441111,1.73676064228808,2.38056573907766,3.21235526350653,3.29801578446133,3.50725907915011,4.40995422738991,5.57037555986683,6.26725705936727
"Electricity production from renewable sources, excluding hydroelectric (% of total)",India,0.208563283381976,0.219811372646918,0.224118661799183,0.443593455118456,0.520284787462611,0.677184016212972,0.848154469600427,1.05433464907496,1.24957784532253,1.54054461920252,1.98414544627441,2.33837605623371,2.74165885743586,3.32649443694661,3.47809306770565,3.95473022774481,4.64360860478928,4.96065332607863,5.1736825587741,5.36101124797904
"Electricity production from renewable sources, excluding hydroelectric (% of total)",China,0.151818114493076,0.258740298339273,0.245310492505353,0.244449874871666,0.234116031268578,0.225125915882316,0.209592277428357,0.190500613631784,0.178624752779893,0.297304582425836,0.387166018714885,0.476782487605849,0.859573400323317,1.29233409626383,1.67385240269475,2.13764019808449,2.65751498776664,3.5648783506209,4.05665980378573,4.85700420830511
"Electricity production from renewable sources, excluding hydroelectric (% of total)",Australia,0.538146946834015,0.54490988450101,0.546100636348253,0.586857342100998,0.586093851256052,0.712995786235034,0.878273183861236,1.06307743918472,1.12745549114205,2.09943638409964,2.45609662823824,2.74673943015652,3.2159063326655,2.74088554787481,3.26774879181163,3.82738561756864,5.0070089363939,5.98467276391009,7.50088615344955,8.34165754966783
"Electricity production from renewable sources, excluding hydroelectric (% of total)","Korea, Rep.",0.200389921275388,0.0369179790558002,0.0296201676316362,0.0415966315217576,0.0350055107685269,0.0346124857263932,0.0609452887169349,0.0643956280904802,0.0821031499241705,0.097712143634273,0.136724090784796,0.217419377560724,0.294186549412528,0.414899175515192,0.504108971287531,0.553981997988667,0.588395943006206,0.835485256306575,1.06271502529925,1.50393462800377
"Electricity production from renewable sources, excluding hydroelectric (% of total)",Japan,1.42905226054813,1.44324515207812,1.31354690127249,1.32375978867786,1.28233642008213,1.28890946183294,1.33143803917654,1.46302429277137,1.51647563566385,1.636052117783,1.70623585103456,1.78516466605109,1.84664676591614,1.94820328931296,3.32060305386364,3.7192163389002,4.05022751535066,4.83434239522823,6.30046963498235,7.75568791016029
"Electricity production from renewable sources, excluding hydroelectric (% of total)",Singapore,1.01659751037344,0.910848390214886,0.863436123348018,0.829945799457995,0.773724932891205,1.42947807428451,1.36452804061851,1.40099626400996,1.3012414767325,1.25088320728548,1.20937072156584,1.18396421364841,1.2584797564542,1.29826008881555,1.3050858667137,1.32774131861446,1.35828489919312,1.54683232921262,1.66261644390441,1.82088664088069
"Electricity production from renewable sources, excluding hydroelectric (% of total)",Thailand,0.959462166915251,0.370068435844078,0.35646071158886,0.96402669954131,0.532419225439428,0.48232767037688,0.631117389669122,0.985613294239334,1.01966960159711,1.1588765251859,1.06096207348892,1.25472527165953,1.77309294154355,2.08027278730946,2.13888993367686,2.81490598816598,3.14417913310318,4.90502708063163,5.30390838703695,5.87252475247525
"Electricity production from renewable sources, excluding hydroelectric (% of total)",Vietnam,0,0,0,0,0,0,0,0,0,0.0931862233487401,0.107450448812259,0.117896370582617,0.0762984358820644,0.0865644724977457,0.110639284321887,0.137404873549081,0.12245731002109,0.115949909639036,0.104610754845413,0.118082240039665
"Electricity production from renewable sources, excluding hydroelectric (% of total)",Cuba,6.96585071018435,6.15014845185918,5.50607859768165,6.0792161192382,6.27993613624268,6.07882868161318,5.98127269252819,4.55407969639469,5.04669310477165,2.73758310520141,2.46523771935151,2.3604176123468,3.19022569149839,3.07319273711515,2.68437086854055,2.66891891891892,3.10939874104623,3.68861024033438,3.48032634514097,3.71155362776025
"Electricity production from renewable sources, excluding hydroelectric (% of total)",Mexico,4.72569772529821,4.17689097454819,4.07890117605757,3.78988042399875,3.69466391151088,3.78619361833374,3.62201621292176,3.70972453295063,3.83907939541129,4.14765839341543,3.52441020628234,3.78404053198227,2.98980747451869,2.96876984097343,3.12698476066735,2.91625791492018,3.41049643912664,3.88159797663171,4.64351102502189,5.49016834973549
"Electricity production from renewable sources, excluding hydroelectric (% of total)",Argentina,0.520908073357633,0.637638662203657,0.672863859914609,0.709607665254079,0.79631087616691,0.745713810131499,1.11422921625046,1.21047484515919,1.24494583936505,1.2911054023566,1.61693288044241,1.57147511986222,1.33054833722575,1.14994381515596,1.77227114151825,1.66338620663039,2.02909450183223,2.11535972619681,1.96826453938701,1.89849403616245
"Electricity production from renewable sources, excluding hydroelectric (% of total)",Brazil,2.31874703891128,2.39721801923489,2.33412484304487,2.50002987607404,2.24871743429538,2.74422540699161,2.97392607421508,3.28128473756584,3.23574730354391,3.3952554753581,3.5675363728934,4.19412014458145,4.46026168999302,5.11455180092723,6.52880784108426,6.57048238199027,7.2901285503344,8.22576239371314,9.85708988895304,12.1184144471265
"Electricity production from renewable sources, excluding hydroelectric (% of total)",France,0.477453059941865,0.536553720245521,0.527139607227766,0.554833981471001,0.567842087954797,0.636546692928115,0.688004624026877,0.732497008035562,0.771043238205764,0.848199436284379,1.05982803916886,1.47296199460056,1.78832001293948,2.38644865008489,2.74364904259373,3.52424174342844,4.34270980091747,4.57658318463611,5.19396949616148,6.19651673309742
"Electricity production from renewable sources, excluding hydroelectric (% of total)",Germany,0.83422463777327,1.0410374974225,1.39144602851324,1.64149526282927,2.40130837496265,2.60566502717027,3.66919034837805,4.61710760218223,5.9790052445979,6.9611886976291,8.15985282868576,10.5972733140486,11.4767174248873,12.8527745666699,13.3830633770785,17.4731731738326,19.5125040483039,20.4390586859838,22.9807472770598,26.2710872790643
"Electricity production from renewable sources, excluding hydroelectric (% of total)",Iceland,6.75385516299044,6.71321160042965,10.4282757522687,15.8041179744018,17.2175950026028,18.062990165567,17.0270912547529,16.5411764705882,17.2213846689087,19.1342390052959,26.515609264854,29.8906236954162,24.521770814356,27.0464536057978,26.1738671668914,27.3197373772587,29.6826029973218,28.9688672996246,28.9521602383711,26.671631469759
"Electricity production from renewable sources, excluding hydroelectric (% of total)",Italy,1.74855261948721,1.86716100663627,2.07210581301374,2.29503770419085,2.47461482323915,2.77203616115104,3.16972457230157,3.56157301643857,3.89922137285861,4.16790190001347,4.43334384171133,4.83385352116332,5.27546271931923,6.97695389043994,8.65171886348499,12.353316835635,16.9351963349905,20.5752512078469,22.3410375526759,22.5058779238676
"Electricity production from renewable sources, excluding hydroelectric (% of total)",Russian Federation,0.00673626687907574,0.00684130805810071,0.00702018545393366,0.00709767704859661,0.00935573232565251,0.0131559269699876,0.0201279191105034,0.0410137281150747,0.0486071157806443,0.0481517811427953,0.0515160509727176,0.0499309748677471,0.0475717693327722,0.0506037604351317,0.0526002879986411,0.0533712693530206,0.0492839795270421,0.0459535793205111,0.0699404047506761,0.0910265638035215
"Electricity production from renewable sources, excluding hydroelectric (% of total)",Spain,0.841577019582961,1.17263292571386,1.49851079672375,2.17890855385572,2.82363378764355,3.61012069490747,4.98422371069995,5.94606568653741,6.89891994274395,8.24681718461193,8.86048541521473,10.2617620652069,12.4700139559712,16.3323271741775,18.5947975328506,19.5267774145637,22.5952738975716,26.4851036614614,25.859341186911,24.8200092155282
"Electricity production from renewable sources, excluding hydroelectric (% of total)",United Kingdom,0.656145061878602,0.795291826565095,0.977902342700628,1.17180013689254,1.30457429048414,1.43657419030881,1.6484873698306,1.86894382295228,2.37529326974683,3.03874808434448,3.43466436214829,3.71834053912375,4.34113764519398,5.36546662699593,5.87088285184344,7.9284295108727,9.95585976238163,13.6651728823286,17.5052864211302,22.9703052717954
"Electricity production from renewable sources, excluding hydroelectric (% of total)",United Arab Emirates,0,0,0,0,0,0,0,0,0,0,0,0,0,0,0,0,0,0.0941424563649715,0.258307016339421,0.23240111175667
"Electricity production from renewable sources, excluding hydroelectric (% of total)",Albania,0,0,0,0,0,0,0,0,0,0,0,0,0,0,0,0,0,0,0,0
"Electricity production from renewable sources, excluding hydroelectric (% of total)",Algeria,0,0,0,0,0,0,0,0,0,0,0,0,0,0,0,0,0,0,0,0.111921858193552
"Electricity production from renewable sources, excluding hydroelectric (% of total)",Angola,0,0,0,0,0,0,0,0,0,0,0,0,0,0,0,0,0,0,0,0
"Electricity production from renewable sources, excluding hydroelectric (% of total)",Arab World,0.000281109286511171,0.000796600412876157,0.000737830892772363,0.00629283907438366,0.0497049299272842,0.0947024856438188,0.0846015776538584,0.113042609348961,0.134836736704171,0.129308124960755,0.127293726138148,0.164995978217142,0.165959527329323,0.204184723941989,0.285971376927516,0.282033900268994,0.25388382301968,0.35538478810354,0.418328270760565,0.454258660053111
"Electricity production from renewable sources, excluding hydroelectric (% of total)",Armenia,0,0,0,0,0,0,0,0,0,0,0,0.0508646998982706,0.0346620450606586,0.0705342973020631,0.107841626867971,0.0403768506056528,0.0497760079641613,0.0518806744487678,0.0516129032258065,0.0512886267470189
"Electricity production from renewable sources, excluding hydroelectric (% of total)",Austria,2.93799230970247,3.07802819430726,3.34108388481488,2.75218639428533,2.6706082773825,2.90991861398136,2.74766909366455,3.61120195535054,4.85891392781042,6.10355575542357,8.26991619304499,9.89448631495438,9.83123866788576,9.4713191386694,9.74033620867312,10.6420220966084,10.7757240576335,12.8923315259489,14.4994806543755,16.493693635348
"Electricity production from renewable sources, excluding hydroelectric (% of total)",Azerbaijan,0,0,0,0,0,0,0,0,0,0,0,0,0,0.0105999576001696,0.00534473543559594,0,0,0.295452599126488,0.372047880944678,0.409105638366818
"Electricity production from renewable sources, excluding hydroelectric (% of total)",Bahrain,0,0,0,0,0,0,0,0,0,0,0,0,0,0,0,0,0,0,0,0
"Electricity production from renewable sources, excluding hydroelectric (% of total)",Bangladesh,0,0,0,0,0,0,0,0,0,0,0,0,0,0,0,0,0,0.26355421686747,0.266809920315158,0.267746691294843
"Electricity production from renewable sources, excluding hydroelectric (% of total)",Belarus,0,0,0,0,0,0,0,0,0.00320410124959949,0.0032298698362456,0.00943070007230203,0.0471268340192906,0.0970098151107053,0.200816434026863,0.243587906576873,0.298136645962733,0.327932725088477,0.406258926587742,0.374262271484094,0.501731119065782
"Electricity production from renewable sources, excluding hydroelectric (% of total)",Belgium,0.428544810881312,0.363468231849064,0.450807188547061,0.610560660221193,0.705544078383048,0.806431097204203,0.961217707162184,1.13091035291583,1.39888326437708,2.12113080306619,3.07416891923934,3.53829631660726,4.79523348049244,5.69115649288466,6.58830049129837,9.19068910508459,12.3754916014261,13.7468964510004,16.6722609157786,20.3427848392477
"Electricity production from renewable sources, excluding hydroelectric (% of total)",Benin,0,0,0,0,0,0,0,0,0,0,2.5974025974026,1.36363636363636,1.31004366812227,0.78125,0.869565217391304,0,0,0,0,1.46198830409357
"Electricity production from renewable sources, excluding hydroelectric (% of total)",Bolivia,1.45151327980235,1.38248847926267,1.34770889487871,1.33986086060294,1.39175257731959,1.35678391959799,1.2906309751434,1.24653739612188,1.1938978554057,1.1437908496732,1.13207547169811,1.25566794558772,1.66752621626268,1.97680117627839,1.75593920613841,1.68975069252078,1.60553452551886,0.743955362678239,2.29583095374072,2.52110694183865
"Electricity production from renewable sources, excluding hydroelectric (% of total)",Bosnia and Herzegovina,0,0,0,0,0,0,0,0,0,0,0,0,0,0,0,0,0,0,0,0
"Electricity production from renewable sources, excluding hydroelectric (% of total)",Botswana,0,0,0,0,0,0,0,0,0,0,0,0,0,0,0,0,0,0.108342361863489,0.0432338953739732,0.0337040781934614
"Electricity production from renewable sources, excluding hydroelectric (% of total)",Brunei Darussalam,0,0,0,0,0,0,0,0,0,0,0,0,0,0,0,0.0536912751677852,0.0508905852417303,0.0454338936846888,0.0443852640923213,0.0476190476190476
"Electricity production from renewable sources, excluding hydroelectric (% of total)",Bulgaria,0,0,0,0,0,0,0,0,0.00241394293438903,0.0113708723733285,0.0439541119071689,0.109462701166826,0.309528081823076,0.585167881833841,1.58854336440881,2.03506387061952,4.51061637218489,6.60567925886368,5.93048777889062,6.37437938533503
"Electricity production from renewable sources, excluding hydroelectric (% of total)",Cambodia,0,0,0,0,0.223214285714286,0.196463654223969,0.137362637362637,1.04849279161206,1.71779141104294,1.55601659751037,1.44189991518236,1.20643431635389,1.28205128205128,1.65876777251185,2.3,2.16981132075472,1.60390516039052,0.78740157480315,0.653167864141084,0.932453945872186
"Electricity production from renewable sources, excluding hydroelectric (% of total)",Cameroon,0,0,0,0,0,0,0,0,0,0,12.5930278104191,1.44955178333015,1.35539517690547,1.22773646896075,1.00016952025767,1.03023137983449,1.35449735449735,1.23411978221416,1.1703511053316,1.12459307487422
"Electricity production from renewable sources, excluding hydroelectric (% of total)",Central Europe and the Baltics,0.116023839347236,0.177502302732576,0.215502358619737,0.24188126625939,0.213790806286631,0.296126834525147,0.304627710007122,0.347168850104744,0.621659231899702,0.953633107976016,1.12505664274499,1.50417395169034,2.0689204789632,2.89856350862027,3.75968034623478,5.23441352034661,7.08780326432061,8.03518884579982,9.82835918968819,11.1197397915062
"Electricity production from renewable sources, excluding hydroelectric (% of total)",Chile,5.65515894966323,5.234705829354,3.26959362415162,2.63089346183902,2.34792155297171,4.87879429122287,4.46749559204048,3.87366802622307,3.97984689892204,3.423900617331,2.59942154736081,4.62322035926097,5.22745544687123,7.16873620763479,4.26746533408346,7.62558397881698,7.54541153531849,8.65393827413947,10.1305089008747,11.9264594691392
"Electricity production from renewable sources, excluding hydroelectric (% of total)",Colombia,1.14385867810525,1.08283824683331,1.18493440541684,1.06720844425762,1.15014492753623,1.14175222135261,1.09009369033347,1.0635783502718,1.04386652989803,1.09660885630848,1.10294801450758,1.05207880631609,1.05652686903357,1.04813732523754,4.13301023155627,3.34398819768871,3.22114921877506,3.03204814420225,3.13217612072285,3.27745338105105
"Electricity production from renewable sources, excluding hydroelectric (% of total)","Congo, Dem. Rep.",0,0,0,0,0,0,0,0,0,0,0,0,0,0,0,0,0.223331581713085,0.217970452894163,0.101809954751131,0.111831804965332
"Electricity production from renewable sources, excluding hydroelectric (% of total)","Congo, Rep.",0,0,0,0,0,0,0,0,0,0,0,0,0,0,0,0,0,0,0,0
"Electricity production from renewable sources, excluding hydroelectric (% of total)",Costa Rica,11.3286130778842,11.2635893780075,12.6547201182339,14.713499514406,16.9966758202052,17.5982209043736,19.0431893687708,17.093787736482,18.088861838101,17.227602905569,17.9717143842704,17.2265193370166,14.8933924424741,17.561761546724,17.5310445580716,18.653376729048,20.7489679575388,21.3776257938447,24.0481550357248,24.3895671476138
"Electricity production from renewable sources, excluding hydroelectric (% of total)",Cote d'Ivoire,0,0,0,0,0,0,0,0,1.94192377495463,1.93627882415068,1.98054818744474,2.04226602734861,2.03448275862069,1.22636688809402,1.15674769488684,1.04935235284473,0.940706955530217,0.888888888888889,0.844798455225682,1.2053725175066
"Electricity production from renewable sources, excluding hydroelectric (% of total)",Croatia,0.0805513290969301,0.00976848686138517,0.0785751702462022,0.069353471526547,0.00887862913966084,0,0,0,0.0431747859250198,0.183809450869266,0.232144238953803,0.342766042247908,0.477270949065018,0.590875093492895,1.1624763449581,2.27676983279972,4.01208345133579,4.68201046820105,6.92170288776422,9.9572877736252
"Electricity production from renewable sources, excluding hydroelectric (% of total)",Cyprus,0,0,0,0,0,0,0,0,0,0.0228466986520448,0.0214961306964746,0.0615889960993636,0.295333727111636,0.594439117929051,1.37166478767381,3.6112801785352,5.44837820648717,7.62237762237762,7.28735632183908,8.78005735715861
"Electricity production from renewable sources, excluding hydroelectric (% of total)",Czech Republic,0.457515315795246,0.769266705078095,0.908331270116366,1.05519100983494,0.721427493793803,0.704528922057278,0.665833278505165,0.598918083462133,0.861678004535147,0.917845504143731,1.1595380974012,1.50517296385762,2.04934269764091,2.72564680517444,3.64895911477869,6.09039365723241,6.84762421124275,7.64463770812018,8.53506627808593,9.23186791904716
"Electricity production from renewable sources, excluding hydroelectric (% of total)",Denmark,3.84457467059834,6.56662529617511,9.48118599956218,11.1716341212744,15.3718137186919,15.4204988205359,17.1990734848678,17.4446802061231,23.4889702245524,27.0071180268168,20.1223389094736,26.1394851968664,27.5016386279222,27.6062996454388,31.9283618959395,40.205512503903,48.27204325592,45.9229197248367,55.8538404175988,65.443742011262
"Electricity production from renewable sources, excluding hydroelectric (% of total)",Dominican Republic,0.604686318972033,0.66334991708126,0.285523936423337,0.22740193291643,0.244144350347143,0.249941419979692,0.171698383173558,0.15986654618753,0.214379947229551,0.163641773281761,0.151954689874292,0.146500632616368,0.145927301671531,0.156161272004543,0.145956345783852,0.347545460187426,1.52782618798652,3.84468976018272,4.37096591552486,5.2662946307634
"Electricity production from renewable sources, excluding hydroelectric (% of total)",Early-demographic dividend,1.10416594257421,1.09993984884968,1.14464068363445,1.24335100594276,1.38793791736509,1.42435405367576,1.42061093265862,1.44869301398998,1.50252169081679,1.57119513596876,1.6432547112845,1.7624191666558,1.85121394537957,2.07896142558673,2.18930368492398,2.37566559620325,2.66786931971355,2.8949732654947,3.21480104815145,3.56678434465376
"Electricity production from renewable sources, excluding hydroelectric (% of total)",East Asia & Pacific,1.0033088082117,1.03851861074883,1.04419556348902,1.10139302749876,1.12155291613529,1.0859168766358,1.05321958439401,1.03199887809717,1.0128199640125,1.09629083905437,1.13330955631935,1.17968245171253,1.45056385583272,1.73010641085655,2.16681334432971,2.50132836268733,2.89294469235783,3.63303089505096,4.2037697797648,4.97481082997798
"Electricity production from renewable sources, excluding hydroelectric (% of total)",East Asia & Pacific (excluding high income),0.828287813383246,0.904331003588173,0.988906503657897,1.09181866021863,1.17389120534992,1.08738797220847,0.999746084983936,0.890373420735954,0.829799030015016,0.853723644657152,0.881021566007572,0.908894122673371,1.27663748074095,1.66580459027472,1.93800002129,2.3316905947225,2.7727380799381,3.58765425254477,4.03384585877509,4.76140098478569
"Electricity production from renewable sources, excluding hydroelectric (% of total)",East Asia & Pacific (IDA & IBRD countries),0.84134173250303,0.916534531254477,1.00034729513092,1.10486386590675,1.18730491101438,1.09929249670825,1.00942238561594,0.898405152487057,0.836678810422263,0.860306259415706,0.88689320640029,0.914018918843902,1.28400197686702,1.67396650585933,1.94665786843241,2.34000204518948,2.78204818794109,3.59822039789749,4.04495674911022,4.77111148845136
"Electricity production from renewable sources, excluding hydroelectric (% of total)",Ecuador,0,0,0,0,0,0,0,0,0,0.812623274161736,1.03730017761989,1.34375763498656,1.12132646011585,1.18477031611826,1.2250756061305,1.36779595015576,1.30432879590318,1.53475774902197,2.03645040523306,2.10220673635308
"Electricity production from renewable sources, excluding hydroelectric (% of total)","Egypt, Arab Rep.",0,0,0,0.0350390539455435,0.175319606362694,0.265363463893759,0.228725193407333,0.386623661788345,0.516293349391406,0.507866409053271,0.533763116622042,0.664114633698024,0.696733821733822,0.815107913669065,1.16079457205918,1.10986874706174,0.909322836941468,0.936626004165427,0.966976411722659,0.878132950867417
"Electricity production from renewable sources, excluding hydroelectric (% of total)",El Salvador,12.7590290112493,13.5527049637479,11.9470198675497,16.2323561346363,23.2750962392656,24.5738997710506,23.9334779464931,24.1184448462929,23.8116392714349,23.6367406178727,22.6878868258179,26.277749096541,28.3679624664879,30.3176795580111,30.2139037433155,29.8701298701299,30.623697290364,31.9036989795918,32.0906315282018,35.2312573050593
"Electricity production from renewable sources, excluding hydroelectric (% of total)",Eritrea,0,0.467289719626168,0.512820512820513,0.467289719626168,0.476190476190476,0.429184549356223,0.386100386100386,0.36101083032491,0.353356890459364,0.347222222222222,0.743494423791822,0.694444444444444,0.696864111498258,0.677966101694915,0.643086816720257,0.593471810089021,0.557103064066852,0.540540540540541,0.515463917525773,0.492610837438424
"Electricity production from renewable sources, excluding hydroelectric (% of total)",Estonia,0.0549269471602768,0.0867867216315904,0.140828541251027,0.145137880986938,0.152707623634441,0.129671106919722,0.281458895273836,0.354365587164091,0.368788819875776,0.872121509064184,1.19194410193177,1.01722723543888,1.59720253284189,5.79792687094202,7.84480098734958,8.91181261149461,11.9913094342776,8.99435028248588,10.9432749477744,14.1595468944994
"Electricity production from renewable sources, excluding hydroelectric (% of total)",Ethiopia,0,0,1.57289776164549,1.21654501216545,0.29868578255675,0.0497017892644135,0,0,0,0,0,0,0.370664548583532,0.601202404809619,0.36144578313253,0.583964646464647,2.52897787144363,4.09101356010113,5.24435102469785,7.27220465651049
"Electricity production from renewable sources, excluding hydroelectric (% of total)",Euro area,1.21306453977473,1.46068121529666,1.70333045093663,1.84096169404829,2.19109071954726,2.41597162971025,2.97958491299833,3.46720459577013,4.1814723401226,4.90503830269623,5.66761384768734,6.74934489103781,7.68182230098476,9.06894401786578,10.003522143896,12.2896493087302,14.4335701650892,15.9985609808299,17.2493220213363,18.7394423214865
"Electricity production from renewable sources, excluding hydroelectric (% of total)",Europe & Central Asia,0.73044875779306,0.898898597063181,1.06184940342389,1.15900724395319,1.38390351789798,1.50577960381815,1.81692568348239,2.1055112581553,2.58018542348704,2.97698746941722,3.369394460861,3.9663174148695,4.48676469259464,5.32527910755356,5.91031483972336,7.18812417605905,8.39921067737551,9.53981685550479,10.4642617282592,11.7844923119558
"Electricity production from renewable sources, excluding hydroelectric (% of total)",Europe & Central Asia (excluding high income),0.0221058202181448,0.0305895429256012,0.0278252156920946,0.02085736657483,0.024593736532297,0.0313339150816915,0.032143186714141,0.0406192969370446,0.0444623959756402,0.0418326717416356,0.0492460934142642,0.0856224862992628,0.118656637355652,0.185424719370967,0.304138262079656,0.412860823940133,0.572217473225591,0.773041437043013,0.921495332985725,1.20113382598282
"Electricity production from renewable sources, excluding hydroelectric (% of total)",Europe & Central Asia (IDA & IBRD countries),0.0278557395809359,0.0379192584108207,0.0393918505073605,0.0308737267364823,0.0350697843621306,0.0543012255507656,0.0568279887403536,0.0683078285856427,0.101104625331426,0.126142281025801,0.159879653667275,0.234464701796808,0.329440824302999,0.494490267851475,0.687224514814222,0.96874058010146,1.36214178439728,1.64607396329041,2.07506027513828,2.53091203564618
"Electricity production from renewable sources, excluding hydroelectric (% of total)",European Union,1.13787764651271,1.40717835521098,1.64566227973184,1.78076149958041,2.15927949784657,2.32393825188845,2.83968373355836,3.29272163906076,4.04731118078836,4.68636345738982,5.31592913227163,6.33698471909261,7.20580447664067,8.54349722894136,9.47824416300625,11.6060860410368,13.6333499487767,15.1789214546852,16.5043758155412,18.0419596512847
"Electricity production from renewable sources, excluding hydroelectric (% of total)",Finland,8.50619116947516,11.433156007864,13.3353285732609,12.1125300545661,12.4599862810106,11.1994200252396,12.0792475485291,11.234969048692,12.3024054982818,13.7202119520558,13.3297696569152,12.4881531171149,13.7785411716086,12.5060705712581,13.9735230681508,15.9589665446729,16.6181420516681,17.9505171421755,18.90621787529,20.0533551029928
"Electricity production from renewable sources, excluding hydroelectric (% of total)",Fragile and conflict affected situations,0,0.000473498678892503,0.000447869168850468,0.000433312494025365,0.000412865813596358,0.00039096380379045,0.000366329558994476,0.000371038861038811,0.000340430332244582,0.000976353185545212,0.232285029007706,0.0429201374300029,0.0462555753321667,0.0372875623875427,0.0416672109151741,0.0503141927650312,0.0660287143695941,0.0648917490216469,0.0555350495519237,0.0540369409185609
"Electricity production from renewable sources, excluding hydroelectric (% of total)",Gabon,0.57660626029654,0.557324840764331,0.521221146686523,0.52710843373494,0.532319391634981,0.497512437810945,0.472334682860999,0.45632333767927,0.519480519480519,0.508259212198221,0.48048048048048,0.461361014994233,0.439077936333699,0.491266375545852,0.465116279069767,0.440960313571779,0.55452865064695,0.524809160305344,0.600600600600601,0.564440263405456
"Electricity production from renewable sources, excluding hydroelectric (% of total)",Georgia,0,0,0,0,0,0,0,0,0,0,0,0,0,0,0,0,0,0,0,0
"Electricity production from renewable sources, excluding hydroelectric (% of total)",Ghana,0,0,0,0,0,0,0,0,0,0,0,0,0,0,0,0,0,0.0233082122601197,0.0308570546941294,0.0261073883909146
"Electricity production from renewable sources, excluding hydroelectric (% of total)",Gibraltar,0,0,0,0,0,0,0,0,0,0,0,0,0,0,0,0,0,0,0,0
"Electricity production from renewable sources, excluding hydroelectric (% of total)",Greece,0.0895993963830138,0.0831562413378915,0.151580770896492,0.329992914262577,0.844174075807206,1.57321576607129,1.4403559180647,1.94456437267939,2.1185792256814,2.33732141955677,3.01434055069044,3.19401699861268,3.87525432349949,4.60110649163584,5.33756340753395,6.98303251537889,9.45845880436393,14.0123262247435,15.2970621536261,16.888580139709
"Electricity production from renewable sources, excluding hydroelectric (% of total)",Guatemala,13.1415010382676,15.1253241140882,6.93447037701975,11.4798379316998,10.0198412698413,10.4148881680041,10.2406719431433,11.3549483222427,11.4289429202965,10.9703068704187,11.5111437668381,13.008222932846,13.2599220004588,16.5911351829336,20.5667378837288,18.9521838579675,19.5176370590735,20.2520161290323,23.3923578751165,25.3481642249955
"Electricity production from renewable sources, excluding hydroelectric (% of total)",Haiti,0,0,0,0,0,0,0,0,0,0,0,0,0,0,0,0,0,0,0,0
"Electricity production from renewable sources, excluding hydroelectric (% of total)",Heavily indebted poor countries (HIPC),0.932887957041473,0.917944329015052,0.710444094938103,0.45933903105589,0.529945276270185,0.517414933934142,0.581208019976634,0.722671576063227,0.837336064050862,1.00650633203984,1.56178840447147,1.01432789907592,1.08323348561561,1.07858888441016,1.08882667980143,1.48431710533569,2.03999682713099,2.28682581912727,2.39012571363337,2.80598161979073
"Electricity production from renewable sources, excluding hydroelectric (% of total)",High income,1.43454588805067,1.49304052687316,1.52348725868234,1.60520448803957,1.70492782424794,1.76109356681754,1.96024506611214,2.12285638609931,2.38213790826822,2.63835645404197,2.94173213327077,3.31137240843197,3.78197202776267,4.42241469887596,5.02168763873978,5.95706254440236,6.84809896295711,7.81074068655156,8.66014145970891,9.64271085089851
"Electricity production from renewable sources, excluding hydroelectric (% of total)",Honduras,0,0,0,0.0290951411114344,0.0273822562979189,0.231719876416066,0.730638090599123,0.793650793650794,1.09233305853256,2.28449045154382,2.37061769616027,2.65193370165746,3.00809283860131,2.53584905660377,2.36092666371551,9.99607996863975,13.2945736434109,12.8313103789943,11.458074147798,16.1740100390407
"Electricity production from renewable sources, excluding hydroelectric (% of total)","Hong Kong SAR, China",0,0,0,0,0,0,0,0,0,0,0.00258953310718078,0.00256726227151366,0.00263199452545139,0.00258184446968915,0.242269518326517,0.204561726500972,0.234270414993307,0.242606874712702,0.265604249667995,0.278727320536419
"Electricity production from renewable sources, excluding hydroelectric (% of total)",Hungary,0.142490738102023,0.149730203124559,0.161333691852649,0.171812222457179,0.18470631695604,0.194974598379789,0.118925795834831,0.48323326987846,2.1686246588347,4.66495133683857,3.64483114420369,4.18668668668669,5.35665209244222,7.42731424752144,7.57806855583206,6.9019128793137,7.02468601126029,8.50003300983693,9.65909090909091,9.8114824335904
"Electricity production from renewable sources, excluding hydroelectric (% of total)",IBRD only,0.693770641841722,0.726133805351482,0.742530937631945,0.810563225249034,0.848646865144888,0.902384768227558,0.906867244880254,0.918615262420658,0.93260527144148,0.996736273182431,1.04448403708043,1.1725707055037,1.39875483933197,1.74886861283686,2.03882782538363,2.35841257706979,2.79165113214592,3.39528899858198,3.88982278430992,4.55944977510421
"Electricity production from renewable sources, excluding hydroelectric (% of total)",IDA & IBRD total,0.67435140562634,0.704317102807411,0.718033995200748,0.778419808967575,0.816555852049581,0.867151344629342,0.870034556841788,0.889734435249013,0.906899761231745,0.969143927540768,1.02321570087366,1.13896867517383,1.35791698727903,1.69314746661539,1.97110127675219,2.28376390021869,2.70673844329916,3.29619583192082,3.78882772879549,4.43734387912325
"Electricity production from renewable sources, excluding hydroelectric (% of total)",IDA blend,0.366027654794177,0.337025812089634,0.349953416352364,0.342509421205742,0.37193131998109,0.382365215643961,0.299776217009415,0.521138946921322,0.621868613855972,0.588253856900101,0.946422059289003,0.664380144811632,0.772465187669455,0.886377142263924,0.907137710601791,0.935602749854953,0.978564065511721,1.28562094071506,2.30366946514186,2.41980340786189
"Electricity production from renewable sources, excluding hydroelectric (% of total)",IDA only,0.36687004695011,0.371881603679595,0.293628674267555,0.176320451376557,0.214749867615476,0.21669940409547,0.247355301991847,0.301018076847306,0.352009009665533,0.432613476167339,0.421827327048299,0.410463132490154,0.435441662777882,0.437361718988722,0.449578447633019,0.652990762792864,0.933924544255285,1.17507394670475,1.24295271779923,1.49803030277787
"Electricity production from renewable sources, excluding hydroelectric (% of total)",IDA total,0.36130778966566,0.348532186885691,0.318234243082398,0.255270191349729,0.287712922214298,0.293598365000887,0.270630499880695,0.404593549200293,0.478035285458898,0.503102281600418,0.662075266142306,0.523193955509827,0.582576619800507,0.630558884332664,0.645079271212496,0.773729907958482,0.9557767122827,1.22432905341853,1.69903451431354,1.89738657589953
"Electricity production from renewable sources, excluding hydroelectric (% of total)",Indonesia,3.48030240387455,3.49739370469133,3.35990158640662,3.18105103881744,5.22368068577552,5.9642088213799,5.77450862618627,5.58447076318445,5.55578672303454,5.1956809823648,5.02735361308164,4.96443922307968,5.59581050855176,5.97165346294666,5.57096992724809,5.22198051434709,4.83827425886117,4.43616331821128,4.82148185855465,4.7785318654267
"Electricity production from renewable sources, excluding hydroelectric (% of total)","Iran, Islamic Rep.",0,0,0,0.0310746501882236,0.0304855440845685,0.0261178838368708,0.0212696567077407,0.0175463679018443,0.0281575384320445,0.039867930461345,0.064873729772371,0.0701028501956017,0.0913625134013891,0.1025432533767,0.0742619945999081,0.099561761618316,0.0904528937060517,0.151276130379448,0.147482420459635,0.0840955981655757
"Electricity production from renewable sources, excluding hydroelectric (% of total)",Iraq,0,0,0,0,0,0,0,0,0,0,0,0,0,0,0,0,0,0,0,0
"Electricity production from renewable sources, excluding hydroelectric (% of total)",Ireland,0.216701902748414,0.66534613235817,1.21659162755053,1.27728003675626,1.43201115194525,1.74975641442027,1.89188101276013,2.17207674671172,3.0299424945469,4.84664013111683,6.45744210060481,7.63816569109778,8.75685435335027,11.4672008012018,11.105195911414,17.3612133706376,16.4105965144984,19.663734115347,22.0125542467452,25.0934196946511
"Electricity production from renewable sources, excluding hydroelectric (% of total)",Israel,0,0,0,0,0,0.0227526108620964,0.0241758241758242,0.0255096617844008,0.0232661435309545,0.0226328134644665,0.0197792634202302,0.0185901249256395,0.0280691905547174,0.136343804537522,0.237237801027462,0.455771711992493,0.715838928305001,0.885489710055119,1.49310180389062,1.85283218634198
"Electricity production from renewable sources, excluding hydroelectric (% of total)",Jamaica,4.19012918184829,4.1726618705036,3.16358024691358,3.07156907247693,3.10323947926128,2.55408653846154,0.89414479376983,0.881612090680101,1.42718581127892,1.64376178927513,1.72621437173826,2.30153435623749,2.40850059031877,4.1837198726694,4.16666666666667,5.24507558405864,7.1320944249121,6.93713999499123,6.49854510184287,7.13245997088792
"Electricity production from renewable sources, excluding hydroelectric (% of total)",Jordan,0.0165070980521624,0.0478927203065134,0.044477390659748,0.0423668973308855,0.0406779661016949,0.105974301231951,0.0983767830791933,0.112584438328747,0.100368016058883,0.0828672053035011,0.0809352517985611,0.0999923082839781,0.0867177337765573,0.070067264573991,0.0812072815862489,0.0751007032156756,0.0542299349240781,0.0521346231825291,0.0439077936333699,0.688966025034185
"Electricity production from renewable sources, excluding hydroelectric (% of total)",Kazakhstan,0,0,0,0,0,0,0,0,0,0,0,0,0,0,0,0,0.00323216652121917,0.00582038298120016,0.0133247040012183,0.168125633993313
"Electricity production from renewable sources, excluding hydroelectric (% of total)",Kenya,12.046783625731,10.8661767980405,11.0870506712863,11.402122375254,13.9041437843235,13.3584404076207,10.9270810927081,18.2310469314079,21.5496368038741,19.5348837209302,18.1267919719656,17.7650872048156,19.8328267477204,23.2619926199262,22.7211252366784,22.3726627981947,22.137871923595,24.8422712933754,45.7334197450853,48.2747901771837
"Electricity production from renewable sources, excluding hydroelectric (% of total)","Korea, Dem. Peopleâ€™s Rep.",0,0,0,0,0,0,0,0,0,0,0,0,0,0,0,0,0,0,0,0
"Electricity production from renewable sources, excluding hydroelectric (% of total)",Kuwait,0,0,0,0,0,0,0,0,0,0,0,0,0,0,0,0,0,0,0,0
"Electricity production from renewable sources, excluding hydroelectric (% of total)",Kyrgyz Republic,0,0,0,0,0,0,0,0,0,0,0,0,0,0,0,0,0,0,0,0
"Electricity production from renewable sources, excluding hydroelectric (% of total)",Late-demographic dividend,0.43108550213931,0.474916030360979,0.467947559782632,0.513157886916822,0.484266425638025,0.553086832548272,0.565811766568243,0.573641329747084,0.578640491012906,0.653232114547441,0.727939583356651,0.872498482491552,1.15989033046398,1.55245583878128,1.90466245201165,2.29921971791938,2.74803208220286,3.47836408542633,4.02175126657082,4.77809854936234
"Electricity production from renewable sources, excluding hydroelectric (% of total)",Latin America & Caribbean,2.46226626813354,2.37976459196968,2.21484347489544,2.26219118726728,2.19894545874428,2.51324893156001,2.58370301837566,2.68444778423073,2.72560303028297,2.82247790665052,2.75387746895493,3.14960178438922,3.13149971215285,3.48990219251371,4.1951849423353,4.27894359694522,4.76398726826972,5.36539134574163,6.36575335025067,7.62560880397772
"Electricity production from renewable sources, excluding hydroelectric (% of total)",Latin America & Caribbean (excluding high income),2.42257029649244,2.34984772889181,2.25626710871688,2.32634746206372,2.27241989022803,2.50058310496806,2.59762365496844,2.73290910053525,2.75994335049784,2.89815388266665,2.85438511506558,3.1902464605604,3.08095954126561,3.37541259094652,4.29006188769818,4.21675393845851,4.73886296602693,5.33404491190804,6.29535099515511,7.44211862689199
"Electricity production from renewable sources, excluding hydroelectric (% of total)",Latin America & the Caribbean (IDA & IBRD countries),2.43482127562763,2.36242670783105,2.20517421972461,2.24569283878997,2.17805788166894,2.50510841185835,2.57984687652193,2.70826241176454,2.74521754314418,2.87842939455809,2.81140412135067,3.22208807648791,3.19151585620409,3.5634314577444,4.29602722188818,4.38203782175234,4.87709852123835,5.4908051238015,6.52568932082162,7.82510839950847
"Electricity production from renewable sources, excluding hydroelectric (% of total)",Latvia,0.0319897632757518,0.0443852640923213,0.0345006037605658,0.048661800486618,0.0967117988394584,0.14018691588785,0.528301886792453,1.81132075471698,1.8554062699936,1.79372197309417,1.79922306276835,1.9911968140851,1.95297686765264,1.7776979709104,1.73532518484986,3.11782080735149,6.51856656396951,10.0177162183927,15.7556895545614,16.5552141695283
"Electricity production from renewable sources, excluding hydroelectric (% of total)",Least developed countries: UN classification,0.0891772063154753,0.0894250534615573,0.120379439879027,0.102768869418394,0.078985842721976,0.079818947271499,0.0832007382449702,0.0763769978992394,0.0618763245826844,0.0689059770594145,0.0705904192319352,0.0609079235763106,0.0673965937790082,0.0792110537722374,0.0996465145714001,0.110298231198166,0.183334597374899,0.332356712314982,0.383019476011272,0.502783526161173
"Electricity production from renewable sources, excluding hydroelectric (% of total)",Lebanon,0,0,0,0,0,0,0,0,0,0,0,0,0,0,0,0,0,0,0,0
"Electricity production from renewable sources, excluding hydroelectric (% of total)",Libya,0,0,0,0,0,0,0,0,0,0,0,0,0,0,0,0,0,0,0,0
"Electricity production from renewable sources, excluding hydroelectric (% of total)",Lithuania,0,0,0,0,0,0.0139256370978972,0.0231294090435989,0.0371786700658594,0.0373293515358362,0.0624349635796046,0.314647677403329,1.18782479584261,1.50071283859833,1.77559243324455,7.42891469763716,14.884597268017,16.7807463016118,23.8490745135263,29.9892125134844,31.2118365429779
"Electricity production from renewable sources, excluding hydroelectric (% of total)",Low & middle income,0.679875591238324,0.708532157800852,0.730470882023389,0.798427935088867,0.837518357414161,0.865158294321951,0.87063070608524,0.889964594129244,0.897775276900422,0.954984759199311,1.00941931517325,1.10484010051473,1.30518692094684,1.61742521748414,1.90507703162423,2.17366694821065,2.5613392564644,3.14743070376215,3.59028315385194,4.19858297624547
"Electricity production from renewable sources, excluding hydroelectric (% of total)",Low income,0,0.00104138370729124,0.0259974951176001,0.0184963219542813,0.00499300592406252,0.00234360993876926,0.0015081732629109,0.00218938127600583,0.00206217794616178,0.00320258949775583,0.00428231531355918,0.00827279055395523,0.0121386745968596,0.0184563321690749,0.0143310850209103,0.0244564123349611,0.125872547770502,0.237489582053085,0.32081827958463,0.500273552145913
"Electricity production from renewable sources, excluding hydroelectric (% of total)",Lower middle income,0.890426923589757,0.936978633673382,1.05731793857739,1.26581355967749,1.39251787647844,1.36637417953619,1.38855696758808,1.46131428152547,1.57459360476744,1.66514000061329,1.93270951743724,2.08278908580914,2.32749171235826,2.64530115684747,2.6932021578613,2.95308639601526,3.33596047436338,3.59898412849849,3.90881912681907,4.15101759021336
"Electricity production from renewable sources, excluding hydroelectric (% of total)",Luxembourg,3.40909090909091,4.92610837438424,7.65027322404372,10.2777777777778,11.6113744075829,5.76701268742791,1.81623931623932,2.18716385801363,2.69071555292726,3.49462365591398,3.82544630206857,4.62355513901906,5.53925165077036,5.10786802030457,4.92260061919505,6.94339622641509,7.58070366340225,13.5749053542455,15.2755905511811,24.9436513899324
"Electricity production from renewable sources, excluding hydroelectric (% of total)",Malaysia,0,0,0,0,0,0.00140678633729109,0.00134681948578432,0.00127438861206336,0.00121530309659229,0.00120958474955548,0.00111321384838027,0.00102547274293449,0,1.00687051196952,0.806180180468963,0.817636820731,0.64443634144708,0.925925925925926,0.629284798839078,0.682107338648975
"Electricity production from renewable sources, excluding hydroelectric (% of total)",Malta,0,0,0,0,0,0,0,0,0,0,0,0,0,0,0.0473036896877957,0.458926112895824,1.1333914559721,1.55486450466459,3.34075723830735,7.67459708365311
"Electricity production from renewable sources, excluding hydroelectric (% of total)",Mauritius,17.6747839748625,17.8699070764832,20.8062418725618,18.8643533123028,24.2407199100113,25.0130821559393,23.1794871794872,21.5658021133525,21.7090069284065,19.9383802816901,18.9787234042553,18.9858012170385,19.0066484161126,18.8979433449748,20.5652658981034,18.1618454778469,18.0550589917769,17.3130193905817,17.1944160708206,18.651985318652
"Electricity production from renewable sources, excluding hydroelectric (% of total)",Middle East & North Africa,0.000209291235196852,0.000590514108015771,0.000548728992528872,0.0107037873877414,0.042655777528225,0.0765984071765367,0.0681865741745722,0.0880233638760308,0.105942450177943,0.104905866686665,0.108529588712602,0.137404102351279,0.143551313066267,0.18086504882887,0.243106907997037,0.257032832343995,0.248054538942631,0.344869138383503,0.420866842998804,0.456114533293056
"Electricity production from renewable sources, excluding hydroelectric (% of total)",Middle East & North Africa (excluding high income),0.000377266261884368,0.00106387929258655,0.00100185006489603,0.0193638804448879,0.0767301103987291,0.134830158466767,0.119222868550171,0.15567851390764,0.185650089872661,0.186644378588725,0.192685956816793,0.245532453614508,0.257940647514239,0.317070197386338,0.422351981186384,0.428085157073202,0.391522977580108,0.542259629097115,0.618222284378848,0.669823993655878
"Electricity production from renewable sources, excluding hydroelectric (% of total)",Middle East & North Africa (IDA & IBRD countries),0.000379813868414336,0.00107106346489857,0.00100861536575975,0.0194946410064619,0.0772482540814444,0.135740640603258,0.12002795765865,0.156729780979935,0.186903749234849,0.187904752191441,0.193987128035676,0.247190487065533,0.25968247111296,0.319211311466577,0.425204042910221,0.430975933831492,0.394166856970048,0.545921404112792,0.622397020600393,0.674347186298772
"Electricity production from renewable sources, excluding hydroelectric (% of total)",Middle income,0.694047806627947,0.722594968739684,0.745017021089066,0.815111667809645,0.85534132935036,0.883984556419508,0.889345690980547,0.908463864660036,0.916218971096445,0.974622326855745,1.02962942174402,1.12626684573519,1.33014285867746,1.64828459382511,1.94069355841646,2.21092580337762,2.60140247569362,3.19206411663659,3.63929909673358,4.25222421919946
"Electricity production from renewable sources, excluding hydroelectric (% of total)",Moldova,0,0,0,0,0,0,0,0,0,0,0,0,0,0,0,0,0,0.0668002672010688,0.280321435245748,0.311935642751601
"Electricity production from renewable sources, excluding hydroelectric (% of total)",Mongolia,0,0,0,0,0,0,0,0,0,0,0,0,0,0,0,0,0,1.69322709163347,3.16220238095238,3.08362053328496
"Electricity production from renewable sources, excluding hydroelectric (% of total)",Morocco,0,0,0,0,0.497551115602892,1.36913465372857,1.27338365605514,1.22451441669683,1.1239762778876,1.06791083462934,0.92126459927507,1.40222144041815,1.44941634241245,1.84913691179948,2.78387968908415,2.76733583939854,2.66325224071703,5.34194199971144,6.69310512766994,8.19273199221285
"Electricity production from renewable sources, excluding hydroelectric (% of total)",Mozambique,0,0,0,0,0,0,0,0,0,0,0,0,0,0,0,0,0,0,0,0
"Electricity production from renewable sources, excluding hydroelectric (% of total)",Myanmar,0,0,0,0,0,0,0,0,0,0,0,0,0,0,0,0,0,0,0,0
"Electricity production from renewable sources, excluding hydroelectric (% of total)",Namibia,0,0,0,0,0,0,0,0,0,0,0,0,0,0,0,0,0,0,0,0
"Electricity production from renewable sources, excluding hydroelectric (% of total)",Nepal,0,0,0,0,0,0,0,0,0,0,0,0,0,0,0,0,0,0,0.184356070582038,0.199828718241507
"Electricity production from renewable sources, excluding hydroelectric (% of total)",Netherlands,2.03223956077403,2.22484194953943,2.43209131317566,2.78713099630996,3.15738974238824,3.40048898711337,4.02579677227785,4.01784792084117,5.14948524907622,7.36281662513386,8.03881294709257,7.10882898302667,8.76692204700982,9.44489889261243,9.29990777228138,10.7622649456403,12.0137853588646,11.8630573248408,11.2127482643254,12.3575906241483
"Electricity production from renewable sources, excluding hydroelectric (% of total)",New Zealand,7.28484084117018,7.4240750222318,8.33510581729235,8.92455773858318,9.24656661655668,8.77135348226019,8.26503236604396,8.07072614464036,8.44777653213752,9.95159188233104,10.4192468235402,11.5489223596096,13.29274132859,15.9781833245115,18.0919294494922,19.5760178045545,20.1292246520875,21.0062864010354,23.3076657855419,24.5786675715417
"Electricity production from renewable sources, excluding hydroelectric (% of total)",Nicaragua,21.8765679879579,21.8581907090465,14.783759929391,9.23361034164358,12.4627817949809,11.984126984127,13.0152671755725,16.3419913419913,16.735112936345,20.4195345788266,20.2297383535418,19.4513715710723,19.6370127938114,22.2994497538372,23.2303908171632,22.3849372384937,32.4237161994542,41.3586173787806,44.9842555105713,43.6121423891679
"Electricity production from renewable sources, excluding hydroelectric (% of total)",Nigeria,0,0,0,0,0,0,0,0,0,0,0,0,0,0,0,0,0,0,0,0
"Electricity production from renewable sources, excluding hydroelectric (% of total)",North America,1.84214506307644,1.81041127595622,1.75923354519912,1.83751019065065,1.84837267934168,1.83093485428638,1.95614893337825,1.97389406396921,2.03438089013409,2.13301684219795,2.33942527857436,2.495446303987,2.91907096417668,3.50880082111994,3.98779502074094,4.59638245561708,5.22725185675485,6.06081616312564,6.71902407184511,7.23265224361575
"Electricity production from renewable sources, excluding hydroelectric (% of total)",North Macedonia,0,0,0,0,0,0,0,0,0,0,0,0,0,0,0,0.0147950880307738,0.0479080166081124,0.147686248769281,1.58168961667287,2.90471130003542
"Electricity production from renewable sources, excluding hydroelectric (% of total)",Norway,0.297999961794877,0.228066682353793,0.241344659068461,0.243689026634066,0.201387963034432,0.232429714737857,0.249539312039312,0.513738761964582,0.554914764728855,0.606215162665307,0.844731154410915,0.938932643705184,0.927781751736935,0.919231327159316,0.997257339456986,1.30568964152884,1.29906440086195,1.66072124464163,1.75251016101851,1.88435402509693
"Electricity production from renewable sources, excluding hydroelectric (% of total)",OECD members,1.5535966076507,1.60255410944639,1.63565427144288,1.71225276589221,1.81178231949901,1.87529112753921,2.07766690615151,2.2489218168654,2.51533906871752,2.79288826025513,3.09245707293058,3.48052364743493,3.95175779534788,4.63207517809323,5.29074865331809,6.24865829417811,7.19605764701924,8.21482806185537,9.13794363513634,10.2173817190934
"Electricity production from renewable sources, excluding hydroelectric (% of total)",Oman,0,0,0,0,0,0,0,0,0,0,0,0,0,0,0,0,0,0,0,0
"Electricity production from renewable sources, excluding hydroelectric (% of total)",Other small states,1.17370345848307,1.24182030650334,1.79115284753963,2.53777570727065,2.95447534667219,3.11505859253871,2.9129477104622,2.68779242200637,2.73994815256977,2.8087770070491,3.7735509002828,4.51262306862605,4.69332159951748,5.51233244204497,5.38849454679462,5.6757554063997,6.19296411919705,5.85798239023419,5.74684181805083,5.66694393848418
"Electricity production from renewable sources, excluding hydroelectric (% of total)",Pakistan,0,0,0,0,0,0,0,0,0,0,0,0,0,0,0,0,0,0.381452015834582,0.749616779451901,0.757705595295009
"Electricity production from renewable sources, excluding hydroelectric (% of total)",Panama,0.47071129707113,0.518390520859047,0.548795036984013,0.633187772925764,0.49109883364027,0.448868071818891,0.340071792934064,0.37661406025825,0.416594341260198,0.394714261197872,0.40073468024712,0.294299876084263,0.249027237354086,0.332610267534346,0.297981850196397,0.294042444387625,0.302220155759619,0.390712212547444,1.59362549800797,4.55516705516705
"Electricity production from renewable sources, excluding hydroelectric (% of total)",Paraguay,0.0713839564557866,0.0707769738911607,0.0707505453687872,0.0692707331152588,0,0,0,0,0,0,0,0,0,0,0,0,0,0,0,0
"Electricity production from renewable sources, excluding hydroelectric (% of total)",Peru,0.793191292264937,0.863654092606007,0.68371467025572,0.735294117647059,0.798433263031033,0.789296371161806,0.850657326115635,0.859361367998604,0.634920634920635,1.36868112474999,1.27567804664084,1.3965453877251,1.42152328091274,1.39998177897902,1.87796043466147,1.72347857124646,1.82391353298807,2.66170183422976,3.82058347548441,3.58956291061325
"Electricity production from renewable sources, excluding hydroelectric (% of total)",Philippines,17.7907261687587,18.1847877980752,21.4392226658329,25.5696080324387,25.6701258555973,22.1934112646121,21.1319041822271,18.5530789573102,18.3748235252069,17.5384941750491,18.5249106246588,17.2350740635118,17.7323621775374,16.77782981541,14.7796049718048,14.6365791604025,14.3854308086834,13.0922328807164,13.7713235484455,14.8993484037713
"Electricity production from renewable sources, excluding hydroelectric (% of total)",Poland,0.0941966372508747,0.121332529180118,0.159123683144966,0.140713280619424,0.157849888946317,0.318672984462953,0.342458543568727,0.385976841389517,0.737463126843658,1.05948158780631,1.39894503744619,1.93876329829114,2.88022752246138,4.1708299971546,5.07228386456085,6.62465209235032,9.17810167521072,8.91831583568058,11.1413934943347,12.687643375664
"Electricity production from renewable sources, excluding hydroelectric (% of total)",Portugal,2.99561263329169,3.30188679245283,3.00717094610224,3.17844992310202,3.56220603154109,3.69736614105008,4.23439211391019,4.25614238730896,5.4543020947197,7.64051268727808,9.7167325428195,13.0629477993859,17.2468389224849,20.2235156218423,22.7319290011361,24.2348905334567,30.1649991223451,31.1493252067915,30.7761889181855,30.6390281000761
"Electricity production from renewable sources, excluding hydroelectric (% of total)",Post-demographic dividend,1.48591625768588,1.54281524477046,1.57989802162154,1.6644576592887,1.76886867252425,1.81284356709943,2.02933453600527,2.20436522603183,2.47156066606149,2.74160407545704,3.05176812539267,3.42384405799654,3.91075358737419,4.57161029478437,5.23216583887829,6.18034528483757,7.13033440806509,8.17368202777377,9.06183020814493,10.1249570895164
"Electricity production from renewable sources, excluding hydroelectric (% of total)",Pre-demographic dividend,0.621701686328094,0.580987088134624,0.570053345305485,0.536366324738359,0.575755065129981,0.59542326345358,0.469727757270543,0.844099406417834,1.01583422226479,0.99460913544104,1.39631623953761,0.976929407185921,1.06057093623091,1.17589750590681,1.08647944932736,1.05710738752383,1.12193907961788,1.20661781693568,1.97455843719734,2.10708747658866
"Electricity production from renewable sources, excluding hydroelectric (% of total)",Qatar,0,0,0,0,0,0,0,0,0,0,0,0,0,0,0,0,0,0,0,0
"Electricity production from renewable sources, excluding hydroelectric (% of total)",Romania,0,0.019248267655911,0.0205622850306565,0,0,0,0.00548095368594135,0.00544069640914037,0.00707977132338625,0.0100987999259421,0.00637989058487647,0.0616152935644447,0.0446456062565429,0.0329055610398157,0.687903132681173,2.55971870514041,4.86609725388777,8.86975536422031,12.763412165271,14.5156396953976
"Electricity production from renewable sources, excluding hydroelectric (% of total)",Saudi Arabia,0,0,0,0,0,0,0,0,0,0,0,0,0,0,0,0,0.000368080094228504,0.000352091600150695,0.000320712237737568,0.000295564172893219
"Electricity production from renewable sources, excluding hydroelectric (% of total)",Senegal,3.90689941812136,3.71804802478699,3.61890694239291,3.57653791130186,3.30423940149626,3.276955602537,3.42465753424658,2.6536312849162,1.98763250883392,2.16194968553459,2.2550225502255,1.50602409638554,1.54565061107117,1.85444366689993,2.50325097529259,2.5388765471279,1.42028985507246,1.76916596461668,1.77658142664872,1.76991150442478
"Electricity production from renewable sources, excluding hydroelectric (% of total)",Serbia,0,0,0,0,0,0,0,0,0,0,0,0,0,0,0,0,0.0165878742639131,0.0535345552808015,0.0867069305746577,0.0930974863678681
"Electricity production from renewable sources, excluding hydroelectric (% of total)",Slovak Republic,0,0,0,0,0,0.483425414364641,0.471873835837576,0.325953656490028,0.0853578463558766,0.121204388874713,1.29275863172378,1.73167933457622,1.82197496522949,2.0949882325707,2.49417419166909,4.31631787330317,4.83973453826603,5.27810899908817,7.44069544717843,8.16311204565936
"Electricity production from renewable sources, excluding hydroelectric (% of total)",Slovenia,0,0,0,0.233750565525562,0.513799177921315,0.49771878888428,0.698725852856556,0.882778581765557,0.792351515945256,0.754117880531852,0.740985775719484,0.751179950807685,1.76840051222636,1.17051758824605,1.42110119963088,1.99811498586239,2.76562901980962,3.04257068758302,3.02394686243664,3.69170547344267
"Electricity production from renewable sources, excluding hydroelectric (% of total)",Small states,1.27832075072317,1.32110768569771,1.63704850451005,2.18836792342487,2.50591212310397,2.59360318821674,2.31169535723755,2.12100386626435,2.22122842220662,2.28804214264001,3.07675013793549,3.70982664291439,3.91691246595131,4.63996639080318,4.54847579874819,4.8036262349084,5.28446735182308,4.99694494097461,4.89994099875749,4.84120041598358
"Electricity production from renewable sources, excluding hydroelectric (% of total)",South Africa,0.0300757909933031,0.0702754218932006,0.113818894922002,0.0982926026084961,0.147711908851648,0.147473495602215,0.118500759502937,0.114595585691552,0.113725978499979,0.114849930800851,0.112417331403901,0.10978886756238,0.117016738481287,0.1264104693799,0.124684392631152,0.125974666379018,0.130240513430072,0.151268602483491,0.902309286450128,1.93040334608651
"Electricity production from renewable sources, excluding hydroelectric (% of total)",South Asia,0.176268699978055,0.18615545970806,0.189920725101551,0.379021844043182,0.445104680470815,0.576325209777934,0.720404628784586,0.894816449909505,1.05388292980773,1.29112918133524,1.66700314030612,1.98362765866695,2.33756872928439,2.84834425717199,2.99964034216566,3.43763150605778,4.04125061161787,4.35190434010391,4.58963260154403,4.77039965378721
"Electricity production from renewable sources, excluding hydroelectric (% of total)",South Asia (IDA & IBRD),0.176268699978055,0.18615545970806,0.189920725101551,0.379021844043182,0.445104680470815,0.576325209777934,0.720404628784586,0.894816449909505,1.05388292980773,1.29112918133524,1.66700314030612,1.98362765866695,2.33756872928439,2.84834425717199,2.99964034216566,3.43763150605778,4.04125061161787,4.35190434010391,4.58963260154403,4.77039965378721
"Electricity production from renewable sources, excluding hydroelectric (% of total)",Sri Lanka,0,0,0,0.0485122897800776,0.157053112507139,0.162217961952514,0.197544800338648,0.181441161223432,0.182149362477231,0.214500214500214,0.221052631578947,0.201999798000202,0.269865067466267,0.430602843981574,0.953615405980928,1.22662549322354,1.57969918494244,2.33718705813857,2.67233769360404,3.19374905173722
"Electricity production from renewable sources, excluding hydroelectric (% of total)",Sub-Saharan Africa,0.288075152295393,0.30576616082645,0.375172629445484,0.349202632238512,0.42436332488834,0.444505277344693,0.371190217789074,0.468604205389157,0.540060441303355,0.525541245552809,0.692209728133361,0.533920026671748,0.592268528902264,0.657423512830558,0.672586165690215,0.670366453098001,0.729669398084988,0.855619238598271,1.7003327676336,2.38734035681389
"Electricity production from renewable sources, excluding hydroelectric (% of total)",Sub-Saharan Africa (excluding high income),0.213158368175468,0.225547936751491,0.271887777815517,0.253839769021738,0.29172435871087,0.300869840648494,0.243398571612122,0.346268069894291,0.419652418015479,0.411615243013863,0.58559410704468,0.424383790655429,0.477607402877302,0.541498073599926,0.548638105266921,0.562570172706731,0.620649867812806,0.750842086689463,1.60287433020771,2.28406826678585
"Electricity production from renewable sources, excluding hydroelectric (% of total)",Sub-Saharan Africa (IDA & IBRD countries),0.288075152295393,0.30576616082645,0.375172629445484,0.349202632238512,0.42436332488834,0.444505277344693,0.371190217789074,0.468604205389157,0.540060441303355,0.525541245552809,0.692209728133361,0.533920026671748,0.592268528902264,0.657423512830558,0.672586165690215,0.670366453098001,0.729669398084988,0.855619238598271,1.7003327676336,2.38734035681389
"Electricity production from renewable sources, excluding hydroelectric (% of total)",Sudan,0,0,0,0,0,0,0,0,0,0,0,0,0,0,0,0,0,0,0,0
"Electricity production from renewable sources, excluding hydroelectric (% of total)",Sweden,1.60922155773785,1.99522807393805,1.95099218469561,1.97367571268035,3.13707128643334,2.63683901110802,3.26175869120654,3.83442040493725,5.3094486164314,5.32251444447953,6.52401490724844,7.57208227222943,8.23048287456469,10.2134637345905,10.5772598679779,11.7301369680674,11.6429137926891,13.9363919728682,14.3122289227243,16.7540495643206
"Electricity production from renewable sources, excluding hydroelectric (% of total)",Switzerland,1.10753586602905,1.1017550651697,1.13475860297894,1.12271198287537,1.29604984574436,1.26516366911537,1.4297716336974,1.48470948012232,1.5705002740155,1.82387651629203,1.90227887215141,1.84981712548353,1.92284742526404,1.96481334273244,2.13468176588143,2.58872916931688,2.82653360727913,3.22613504074505,3.75738210036804,4.31638349698171
"Electricity production from renewable sources, excluding hydroelectric (% of total)",Syrian Arab Republic,0,0,0,0,0,0,0,0,0,0,0,0,0,0,0,0,0,0,0,0
"Electricity production from renewable sources, excluding hydroelectric (% of total)",Tajikistan,0,0,0,0,0,0,0,0,0,0,0,0,0,0,0,0,0,0,0,0
"Electricity production from renewable sources, excluding hydroelectric (% of total)",Tanzania,0,0,0,0,0,0,0,0,0,0,0.0290023201856148,0.0478011472275335,0.0683526999316473,0.105462982493145,0.474023511566174,0.667582956999804,0.57255322955806,0.60595859282949,0.643190223508603,0.667196187450357
"Electricity production from renewable sources, excluding hydroelectric (% of total)",Togo,0,0,0,0,0,0.813008130081301,0.657894736842105,1.13636363636364,1.0752688172043,1.05820105820106,1.35746606334842,5.10204081632653,1.6260162601626,2.63157894736842,2.23463687150838,3.90625,4.5045045045045,5.37634408602151,3.44827586206897,6.17283950617284
"Electricity production from renewable sources, excluding hydroelectric (% of total)",Trinidad and Tobago,0.374366879541951,0.360866078588613,0.348229831688915,0.343053173241852,0.366367466568969,0.513819985825656,0.460666194188519,0.186422246388069,0.357698289269051,0.311703032020402,0.62586926286509,0.247524752475248,0.258698745311085,0.24225423944919,0,0,0,0,0,0
"Electricity production from renewable sources, excluding hydroelectric (% of total)",Tunisia,0,0,0,0,0.217063042657607,0.210674157303371,0.253356979984799,0.29229406554473,0.368509212730318,0.331727351709976,0.290942500574229,0.312977654851154,0.271531017196964,0.635982166273276,0.855118494991449,0.672849609019822,1.11289518852777,2.00750775257059,2.77040045826173,2.48526123195771
"Electricity production from renewable sources, excluding hydroelectric (% of total)",Turkey,0.274082351204908,0.364970570012392,0.298139107564267,0.201820680178633,0.220137365716207,0.273782847830515,0.21870170015456,0.162895412609101,0.150632390609033,0.115463459211144,0.157686657326474,0.316353271593982,0.580088500035279,1.12056752150792,1.85409643574107,2.510974615616,3.06936232755453,4.08071487462212,4.75585701075158,6.30713224311739
"Electricity production from renewable sources, excluding hydroelectric (% of total)",Turkmenistan,0,0,0,0,0,0,0,0,0,0,0,0,0,0,0,0,0,0,0,0
"Electricity production from renewable sources, excluding hydroelectric (% of total)",Ukraine,0,0,0.00173765971988925,0.001744754105988,0.00350326095206955,0.00925909851102122,0.0126748553914226,0.0172023439580929,0.018128879854969,0.0204396680167605,0.018112848219507,0.166113803241767,0.160447799943921,0.104827236650367,0.126570212044824,0.130291154564294,0.380615336529494,0.676282613858115,0.928149471081192,1.05238482986651
"Electricity production from renewable sources, excluding hydroelectric (% of total)",Upper middle income,0.638375861454363,0.661458096727796,0.654740705503984,0.682797757121218,0.70075956974937,0.745011667256372,0.747933252509185,0.756010451992853,0.739984588341013,0.794367270843511,0.79964790246171,0.891609218149577,1.09052247904099,1.40535933701744,1.76065096495779,2.03363423838923,2.42541183269943,3.09583477632691,3.57364051655348,4.2773494732511
"Electricity production from renewable sources, excluding hydroelectric (% of total)",Uruguay,0.614692653673163,0.433687744823727,0.449414715719064,0.65332221295524,0.461254612546125,0.4,0.406038521603332,0.442942067840075,0.612140792382248,0.507680291590732,0.890154886950329,1.45342669212816,9.59060326148934,9.41693921281155,8.80400181900864,9.40641918020108,10.587902236482,10.4870519636426,16.5885516711487,28.3988355167394
"Electricity production from renewable sources, excluding hydroelectric (% of total)",Uzbekistan,0,0,0,0,0,0,0,0,0,0,0,0,0,0,0,0,0,0,0,0
"Electricity production from renewable sources, excluding hydroelectric (% of total)","Venezuela, RB",0,0,0,0,0,0,0,0,0,0,0,0,0,0,0,0,0,0,0,0
"Electricity production from renewable sources, excluding hydroelectric (% of total)",World,1.17940882085603,1.22404862222677,1.25194093398807,1.3252179311442,1.40055427673465,1.43708168635678,1.56038526426701,1.65161872805456,1.79690542616949,1.95753176161838,2.12591760238364,2.34988814806361,2.68068728114828,3.12880281654095,3.5529953354481,4.09817935762312,4.69546398908471,5.4108072920462,6.00673050633005,6.76560891927057
"Electricity production from renewable sources, excluding hydroelectric (% of total)","Yemen, Rep.",0,0,0,0,0,0,0,0,0,0,0,0,0,0,0,0,0,0,0,0
"Electricity production from renewable sources, excluding hydroelectric (% of total)",Zambia,0,0,0,0,0,0,0,0,0,0,0,0,0,0,0,0,0,0,0,0
"Electricity production from renewable sources, excluding hydroelectric (% of total)",Zimbabwe,0,0,0,0,0,0,0,0,0,0,1.29169801856032,0.827966881324747,1.03606557377049,0.781785763269785,1.08482400461627,1.42144097222222,1.82549168749321,1.73458725182863,1.43626570915619,1.3286641260686
